FractionID,Core,Fraction_no.,sample_name,Density..nD.TC.,Density..g.ml.1.,Replicate,Treatment,Headspace,Ammo,Label,Control,X16S.copies,StD,n,SE,Rel..fraction,frac.min,frac.max,Merged_sample_name,Read1_file,Input,Filtered,Denoised,Merged,Tabled,Nonchim,Density.zone,Library.size
Con1,NA,NA,NA,NA,NA,NA,NA,NA,NA,NA,TRUE,NA,NA,NA,NA,NA,NA,NA,AD107-Negtve1_S107,AD107-Negtve1_S107_L001_R1_001_noPrimers.fastq.gz,39484,35660,35126,25997,25991,23809,NA,24768
Con2,NA,NA,NA,NA,NA,NA,NA,NA,NA,NA,TRUE,NA,NA,NA,NA,NA,NA,NA,AD108-Negtve2_S108,AD108-Negtve2_S108_L001_R1_001_noPrimers.fastq.gz,35363,32313,31934,22409,22409,20495,NA,20556
Con3,NA,NA,NA,NA,NA,NA,NA,NA,NA,NA,TRUE,NA,NA,NA,NA,NA,NA,NA,AD109-Negtve3_S109,AD109-Negtve3_S109_L001_R1_001_noPrimers.fastq.gz,19740,17031,16808,6728,6728,4862,NA,4163
E1Fract1,E1,1,AD001,1.3879,1.537075523,1,CH4,CH4,no,Labelled,FALSE,83000,2500,2,1700,0.004620609029672,0.004525970049546,0.004715248009798,AD001-E1Fract1_S1,AD001-E1Fract1_S1_L001_R1_001_noPrimers.fastq.gz,203072,189480,185822,148440,140544,123882,Light,124056
E1Fract10,E1,10,AD010,1.4063,1.733594331,1,CH4,CH4,no,Labelled,FALSE,280000,1000,2,700,0.015587596726605,0.015548627734788,0.015626565718421,AD010-E1Fract10_S10,AD010-E1Fract10_S10_L001_R1_001_noPrimers.fastq.gz,203064,198270,193276,174060,171262,159328,Heavy,159704
E1Fract11,E1,11,AD011,1.4074,1.745342738,1,CH4,CH4,no,Labelled,FALSE,150000,6100,2,4300,0.008350498246395,0.008111117296665,0.008589879196125,AD011-E1Fract11_S11,AD011-E1Fract11_S11_L001_R1_001_noPrimers.fastq.gz,190264,184138,180392,151406,149698,136894,Heavy,137160
E1Fract12,E1,12,AD012,1.4082,1.753887034,1,CH4,CH4,no,Labelled,FALSE,180000,3000,2,2100,0.010020597895674,0.009903690920225,0.010137504871124,AD012-E1Fract12_S12,AD012-E1Fract12_S12_L001_R1_001_noPrimers.fastq.gz,199908,193726,189594,165224,163726,150816,Heavy,150918
E1Fract2,E1,2,AD002,1.3987,1.652423519,1,CH4,CH4,no,Labelled,FALSE,250000,2100,2,1500,0.013917497077326,0.013833992094862,0.01400100205979,AD002-E1Fract2_S2,AD002-E1Fract2_S2_L001_R1_001_noPrimers.fastq.gz,193516,186934,183436,163218,152352,143658,Light,143686
E1Fract3,E1,3,AD003,1.3997,1.663103889,1,CH4,CH4,no,Labelled,FALSE,610000,440,2,310,0.033958692868675,0.033941435172299,0.03397595056505,AD003-E1Fract3_S3,AD003-E1Fract3_S3_L001_R1_001_noPrimers.fastq.gz,199058,189620,186542,143988,128630,117984,Light,117850
E1Fract4,E1,4,AD004,1.4005,1.671648185,1,CH4,CH4,no,Labelled,FALSE,1600000,66000,2,47000,0.089071981294884,0.086455491844347,0.091688470745421,AD004-E1Fract4_S4,AD004-E1Fract4_S4_L001_R1_001_noPrimers.fastq.gz,165730,159410,155806,127126,113654,101174,Light,101274
E1Fract5,E1,5,AD005,1.4014,1.681260518,1,CH4,CH4,no,Labelled,FALSE,7600000,53000,2,37000,0.423091911150699,0.421032121583254,0.425151700718143,AD005-E1Fract5_S5,AD005-E1Fract5_S5_L001_R1_001_noPrimers.fastq.gz,149802,146232,141744,125744,119648,103076,Light,103074
E1Fract6,E1,6,AD006,1.4024,1.691940888,1,CH4,CH4,no,Labelled,FALSE,4500000,2600,2,1800,0.250514947391861,0.250414741412904,0.250615153370818,AD006-E1Fract6_S6,AD006-E1Fract6_S6_L001_R1_001_noPrimers.fastq.gz,170172,165784,161326,141640,136634,121770,Light,121854
E1Fract7,E1,7,AD007,1.4033,1.701553221,1,CH4,CH4,no,Labelled,FALSE,1600000,11000,2,8100,0.089071981294884,0.088621054389579,0.089522908200189,AD007-E1Fract7_S7,AD007-E1Fract7_S7_L001_R1_001_noPrimers.fastq.gz,144592,140614,137142,120856,118124,105194,Heavy,105324
E1Fract8,E1,8,AD008,1.4042,1.711165554,1,CH4,CH4,no,Labelled,FALSE,690000,13000,2,9500,0.038412291933419,0.03788342704448,0.038941156822357,AD008-E1Fract8_S8,AD008-E1Fract8_S8_L001_R1_001_noPrimers.fastq.gz,96988,94386,92208,82316,80538,73684,Heavy,74026
E1Fract9,E1,9,AD009,1.4052,1.721845924,1,CH4,CH4,no,Labelled,FALSE,420000,4000,2,2900,0.023381395089907,0.02321995212381,0.023542838056004,AD009-E1Fract9_S9,AD009-E1Fract9_S9_L001_R1_001_noPrimers.fastq.gz,200064,190596,187698,150140,148250,136614,Heavy,136838
E2Fract1,E2,1,AD013,1.3812,1.465517044,2,CH4,CH4,no,Labelled,FALSE,27000,2100,2,1500,0.002157893895558,0.00203801090136,0.002277776889756,AD013-E2Fract1_S13,AD013-E2Fract1_S13_L001_R1_001_noPrimers.fastq.gz,135846,131630,129246,115806,92524,86980,Light,87626
E2Fract10,E2,10,AD022,1.4061,1.731458257,2,CH4,CH4,no,Labelled,FALSE,580000,3300,2,2300,0.04635475775643,0.046170937165327,0.046538578347533,AD022-E2Fract10_S22,AD022-E2Fract10_S22_L001_R1_001_noPrimers.fastq.gz,233950,224606,220228,178478,172486,159486,Heavy,159182
E2Fract11,E2,11,AD023,1.4072,1.743206664,2,CH4,CH4,no,Labelled,FALSE,530000,2100,2,1500,0.042358657949841,0.042238774955643,0.042478540944039,AD023-E2Fract11_S23,AD023-E2Fract11_S23_L001_R1_001_noPrimers.fastq.gz,203760,197598,193962,167938,163260,152866,Heavy,152768
E2Fract12,E2,12,AD024,1.4082,1.753887034,2,CH4,CH4,no,Labelled,FALSE,74000,85,2,60,0.005914227713751,0.005909432393983,0.005919023033519,AD024-E2Fract12_S24,AD024-E2Fract12_S24_L001_R1_001_noPrimers.fastq.gz,236458,226888,222438,179920,177144,164546,Heavy,164128
E2Fract2,E2,2,AD014,1.3985,1.650287445,2,CH4,CH4,no,Labelled,FALSE,1200,220,2,150,9.59063953581305e-5,8.39180959383642e-5,1.07894694778e-4,AD014-E2Fract2_S14,AD014-E2Fract2_S14_L001_R1_001_noPrimers.fastq.gz,183474,178546,175464,158062,140204,131162,Light,131576
E2Fract3,E2,3,AD015,1.3994,1.659899778,2,CH4,CH4,no,Labelled,FALSE,360000,39,2,28,0.028771918607439,0.028769680791547,0.028774156423331,AD015-E2Fract3_S15,AD015-E2Fract3_S15_L001_R1_001_noPrimers.fastq.gz,166100,157172,154852,138934,113920,96202,Light,96734
E2Fract4,E2,4,AD016,1.4003,1.669512111,2,CH4,CH4,no,Labelled,FALSE,910000,540,2,380,0.072729016479916,0.072698646121386,0.072759386838446,AD016-E2Fract4_S16,AD016-E2Fract4_S16_L001_R1_001_noPrimers.fastq.gz,166190,158932,156016,141230,113506,95752,Light,95834
E2Fract5,E2,5,AD017,1.4012,1.679124444,2,CH4,CH4,no,Labelled,FALSE,2200000,52000,2,37000,0.175828391489906,0.17287127763303,0.178785505346782,AD017-E2Fract5_S17,AD017-E2Fract5_S17_L001_R1_001_noPrimers.fastq.gz,227684,218382,213344,192062,168652,137390,Light,137294
E2Fract6,E2,6,AD018,1.4022,1.689804814,2,CH4,CH4,no,Labelled,FALSE,4700000,9000,2,6400,0.375633381819344,0.375121881044101,0.376144882594588,AD018-E2Fract6_S18,AD018-E2Fract6_S18_L001_R1_001_noPrimers.fastq.gz,154000,148566,143392,127296,119044,104454,Light,104656
E2Fract7,E2,7,AD019,1.4031,1.699417147,2,CH4,CH4,no,Labelled,FALSE,1800000,9900,2,7000,0.143859593037196,0.143300139064273,0.144419047010118,AD019-E2Fract7_S19,AD019-E2Fract7_S19_L001_R1_001_noPrimers.fastq.gz,143520,140396,137208,124492,118570,108810,Light,108956
E2Fract8,E2,8,AD020,1.4041,1.710097517,2,CH4,CH4,no,Labelled,FALSE,910000,300,2,210,0.072729016479916,0.072712232860728,0.072745800099103,AD020-E2Fract8_S20,AD020-E2Fract8_S20_L001_R1_001_noPrimers.fastq.gz,99352,96668,94380,85678,80948,75092,Heavy,75008
E2Fract9,E2,9,AD021,1.4051,1.720777887,2,CH4,CH4,no,Labelled,FALSE,420000,1400,2,1000,0.033567238375346,0.033487316379214,0.033647160371477,AD021-E2Fract9_S21,AD021-E2Fract9_S21_L001_R1_001_noPrimers.fastq.gz,180178,175848,171360,155374,146792,135682,Heavy,135860
E3Fract1,E3,1,AD025,1.3822,1.476197414,3,CH4,CH4,no,Labelled,FALSE,660,0.54,2,0.38,8.87948918720385e-5,8.87437675403546e-5,8.88460162037224e-5,AD025-E3Fract1_S25,AD025-E3Fract1_S25_L001_R1_001_noPrimers.fastq.gz,181040,175734,172238,151936,141086,131716,Light,132034
E3Fract10,E3,10,AD034,1.406,1.73039022,3,CH4,CH4,no,Labelled,FALSE,240000,1300,2,900,0.032289051589832,0.03216796764637,0.032410135533294,AD034-E3Fract10_S34,AD034-E3Fract10_S34_L001_R1_001_noPrimers.fastq.gz,261946,251512,247424,229824,227782,199308,Heavy,199186
E3Fract11,E3,11,AD035,1.407,1.74107059,3,CH4,CH4,no,Labelled,FALSE,12000,2.6,2,1.8,0.001614452579492,0.001614210411605,0.001614694747379,AD035-E3Fract11_S35,AD035-E3Fract11_S35_L001_R1_001_noPrimers.fastq.gz,202822,196044,192092,168952,166650,156646,Heavy,156786
E3Fract12,E3,12,AD036,1.4078,1.749614886,3,CH4,CH4,no,Labelled,FALSE,4600,5.1,2,3.6,6.18873488805e-4,6.18389153031e-4,6.19357824579e-4,AD036-E3Fract12_S36,AD036-E3Fract12_S36_L001_R1_001_noPrimers.fastq.gz,240794,230286,226150,207274,205462,180368,Heavy,179740
E3Fract2,E3,2,AD026,1.3983,1.648151371,3,CH4,CH4,no,Labelled,FALSE,7600,3e-10,2,2.2e-10,0.001022486633678,0.001022486633678,0.001022486633678,AD026-E3Fract2_S26,AD026-E3Fract2_S26_L001_R1_001_noPrimers.fastq.gz,239558,232546,227728,202672,194548,185798,Light,186400
E3Fract3,E3,3,AD027,1.3992,1.657763704,3,CH4,CH4,no,Labelled,FALSE,30000,9.5,2,6.7,0.004036131448729,0.004035230046039,0.004037032851419,AD027-E3Fract3_S27,AD027-E3Fract3_S27_L001_R1_001_noPrimers.fastq.gz,124570,121628,119374,109228,95976,90320,Light,90382
E3Fract4,E3,4,AD028,1.4002,1.668444074,3,CH4,CH4,no,Labelled,FALSE,98000,3.4e-9,2,2.4e-9,0.013184696065848,0.013184696065848,0.013184696065849,AD028-E3Fract4_S28,AD028-E3Fract4_S28_L001_R1_001_noPrimers.fastq.gz,196070,191318,186304,168410,157562,142818,Light,143014
E3Fract5,E3,5,AD029,1.4011,1.678056407,3,CH4,CH4,no,Labelled,FALSE,980000,11000,2,8100,0.131846960658481,0.130757205167325,0.132936716149638,AD029-E3Fract5_S29,AD029-E3Fract5_S29_L001_R1_001_noPrimers.fastq.gz,193190,189416,183512,167396,162272,143366,Light,143558
E3Fract6,E3,6,AD030,1.402,1.68766874,3,CH4,CH4,no,Labelled,FALSE,2100000,39000,2,28000,0.282529201411032,0.278762145392218,0.286296257429845,AD030-E3Fract6_S30,AD030-E3Fract6_S30_L001_R1_001_noPrimers.fastq.gz,208792,203298,197804,175940,172788,157564,Light,157548
E3Fract7,E3,7,AD031,1.403,1.69834911,3,CH4,CH4,no,Labelled,FALSE,2600000,18000,2,13000,0.349798058889849,0.348049068595399,0.351547049184298,AD031-E3Fract7_S31,AD031-E3Fract7_S31_L001_R1_001_noPrimers.fastq.gz,216158,212594,207998,194684,192064,178490,Light,178582
E3Fract8,E3,8,AD032,1.4039,1.707961443,3,CH4,CH4,no,Labelled,FALSE,1000000,580,2,410,0.134537714957634,0.134482554494501,0.134592875420767,AD032-E3Fract8_S32,AD032-E3Fract8_S32_L001_R1_001_noPrimers.fastq.gz,167898,159516,156468,135156,133874,117622,Heavy,117422
E3Fract9,E3,9,AD033,1.4049,1.718641813,3,CH4,CH4,no,Labelled,FALSE,360000,450,2,320,0.048433577384748,0.048390525315962,0.048476629453535,AD033-E3Fract9_S33,AD033-E3Fract9_S33_L001_R1_001_noPrimers.fastq.gz,164308,159394,156640,135944,133704,125640,Heavy,125784
E4Fract10,E4,10,AD045,1.4064,1.734662368,4,CH4,CH4,no,Labelled,FALSE,89000,2000,2,1400,0.013710574396042,0.01349490243925,0.013926246352833,AD045-E4Fract10_S45,AD045-E4Fract10_S45_L001_R1_001_noPrimers.fastq.gz,169370,165684,160866,148884,147006,136240,Heavy,136334
E4Fract11,E4,11,AD046,1.4074,1.745342738,4,CH4,CH4,no,Labelled,FALSE,3000,0.84,2,0.59,4.62154193125e-4,4.620633028e-4,4.6224508345e-4,AD046-E4Fract11_S46,AD046-E4Fract11_S46_L001_R1_001_noPrimers.fastq.gz,260728,255260,250560,231650,227706,211874,Heavy,213428
E4Fract2,E4,2,AD037,1.3983,1.648151371,4,CH4,CH4,no,Labelled,FALSE,290,16,2,12,4.46749053354161e-5,4.28262885629161e-5,4.65235221079161e-5,AD037-E4Fract2_S37,AD037-E4Fract2_S37_L001_R1_001_noPrimers.fastq.gz,154658,151006,149496,136410,134306,127866,Light,127974
E4Fract3,E4,3,AD038,1.3996,1.662035852,4,CH4,CH4,no,Labelled,FALSE,350,10,2,7.3,5.3917989197916e-5,5.27934139946452e-5,5.5042564401186803e-05,AD038-E4Fract3_S38,AD038-E4Fract3_S38_L001_R1_001_noPrimers.fastq.gz,125256,122364,119622,111774,109916,102118,Light,101678
E4Fract4,E4,4,AD039,1.4005,1.671648185,4,CH4,CH4,no,Labelled,FALSE,26000,4400,2,3100,0.004005336340417,0.003527777007521,0.004482895673312,AD039-E4Fract4_S39,AD039-E4Fract4_S39_L001_R1_001_noPrimers.fastq.gz,121260,118642,115874,107616,100052,91206,Light,91258
E4Fract5,E4,5,AD040,1.4015,1.682328555,4,CH4,CH4,no,Labelled,FALSE,440000,10000,2,7200,0.067782614991666,0.066673444928166,0.068891785055166,AD040-E4Fract5_S40,AD040-E4Fract5_S40_L001_R1_001_noPrimers.fastq.gz,178538,174078,171210,154996,152514,142518,Light,142370
E4Fract6,E4,6,AD041,1.4025,1.693008925,4,CH4,CH4,no,Labelled,FALSE,3900000,2800,2,2000,0.600800451062492,0.600492348267076,0.601108553857909,AD041-E4Fract6_S41,AD041-E4Fract6_S41_L001_R1_001_noPrimers.fastq.gz,188820,184598,181842,170816,168386,158446,Light,158424
E4Fract7,E4,7,AD042,1.4034,1.702621258,4,CH4,CH4,no,Labelled,FALSE,2000000,420,2,300,0.308102795416663,0.30805657999735,0.308149010835975,AD042-E4Fract7_S42,AD042-E4Fract7_S42_L001_R1_001_noPrimers.fastq.gz,208886,205064,199296,185392,182720,165258,Heavy,165418
E4Fract8,E4,8,AD043,1.4043,1.712233591,4,CH4,CH4,no,Labelled,FALSE,25000,19,2,14,0.003851284942708,0.00384912822314,0.003853441662276,AD043-E4Fract8_S43,AD043-E4Fract8_S43_L001_R1_001_noPrimers.fastq.gz,186212,183062,178172,166280,164788,149452,Heavy,149622
E4Fract9,E4,9,AD044,1.4054,1.723981998,4,CH4,CH4,no,Labelled,FALSE,7700,230,2,160,0.001186195762354,0.001161547538721,0.001210843985987,AD044-E4Fract9_S44,AD044-E4Fract9_S44_L001_R1_001_noPrimers.fastq.gz,174004,170760,165300,151092,149552,132648,Heavy,132742
F1Fract10,F1,10,AD055,1.4062,1.732526294,1,CH4,CH4,no,Unlabelled,FALSE,43000,210,2,150,0.004220958334233,0.004206234060974,0.004235682607492,AD055-F1Fract10_S55,AD055-F1Fract10_S55_L001_R1_001_noPrimers.fastq.gz,161878,158878,154908,142284,141166,129476,Heavy,129594
F1Fract11,F1,11,AD056,1.4072,1.743206664,1,CH4,CH4,no,Unlabelled,FALSE,14000,57,2,41,0.001374265504169,0.001370240869478,0.00137829013886,AD056-F1Fract11_S56,AD056-F1Fract11_S56_L001_R1_001_noPrimers.fastq.gz,95770,94018,90874,82396,81832,72366,Heavy,72482
F1Fract2,F1,2,AD047,1.3985,1.650287445,1,CH4,CH4,no,Unlabelled,FALSE,320,3.1,2,2.2,3.14117829524327e-5,3.11958269446348e-5,3.16277389602307e-5,AD047-F1Fract2_S47,AD047-F1Fract2_S47_L001_R1_001_noPrimers.fastq.gz,184724,181238,177708,164812,157702,148118,Light,148202
F1Fract3,F1,3,AD048,1.3994,1.659899778,1,CH4,CH4,no,Unlabelled,FALSE,940,77,2,54,9.22721124227712e-5,8.69713740495482e-5,9.75728507959942e-5,AD048-F1Fract3_S48,AD048-F1Fract3_S48_L001_R1_001_noPrimers.fastq.gz,156674,153428,149674,138454,131676,121978,Light,121998
F1Fract4,F1,4,AD049,1.4003,1.669512111,1,CH4,CH4,no,Unlabelled,FALSE,280000,900,2,640,0.027485310083379,0.027422486517474,0.027548133649284,AD049-F1Fract4_S49,AD049-F1Fract4_S49_L001_R1_001_noPrimers.fastq.gz,190798,184700,180418,155360,146950,132574,Light,132756
F1Fract5,F1,5,AD050,1.4013,1.680192481,1,CH4,CH4,no,Unlabelled,FALSE,3500000,17000,2,12000,0.343566376042233,0.342388434181517,0.344744317902949,AD050-F1Fract5_S50,AD050-F1Fract5_S50_L001_R1_001_noPrimers.fastq.gz,195250,189364,182174,158108,153300,132392,Light,132734
F1Fract6,F1,6,AD051,1.4022,1.689804814,1,CH4,CH4,no,Unlabelled,FALSE,4400000,750,2,530,0.43191201559595,0.431859989830435,0.431964041361465,AD051-F1Fract6_S51,AD051-F1Fract6_S51_L001_R1_001_noPrimers.fastq.gz,156870,154056,149336,136440,133808,117916,Light,118054
F1Fract7,F1,7,AD052,1.4032,1.700485184,1,CH4,CH4,no,Unlabelled,FALSE,1800000,4400,2,3100,0.176691279107434,0.176386977460083,0.176995580754786,AD052-F1Fract7_S52,AD052-F1Fract7_S52_L001_R1_001_noPrimers.fastq.gz,132310,129872,125490,113948,113014,97342,Heavy,97550
F1Fract8,F1,8,AD053,1.4041,1.710097517,1,CH4,CH4,no,Unlabelled,FALSE,85000,320,2,220,0.00834375484674,0.00832215924596,0.00836535044752,AD053-F1Fract8_S53,AD053-F1Fract8_S53_L001_R1_001_noPrimers.fastq.gz,183382,179798,174666,159938,158150,143850,Heavy,143948
F1Fract9,F1,9,AD054,1.4052,1.721845924,1,CH4,CH4,no,Unlabelled,FALSE,64000,29,2,21,0.006282356590487,0.00628029519223,0.006284417988743,AD054-F1Fract9_S54,AD054-F1Fract9_S54_L001_R1_001_noPrimers.fastq.gz,31986,31274,30194,26986,26616,24510,Heavy,24516
I1Fract10,I1,10,AD065,1.406,1.73039022,1,CH4_NH4Cl,CH4,yes,Labelled,FALSE,360000,86,2,61,0.019400210168944,0.019396922911109,0.019403497426778,AD065-I1Fract10_S65,AD065-I1Fract10_S65_L001_R1_001_noPrimers.fastq.gz,148204,145604,141326,129728,124694,111414,Heavy,111494
I1Fract11,I1,11,AD066,1.4071,1.742138627,1,CH4_NH4Cl,CH4,yes,Labelled,FALSE,42000,4700,2,3400,0.002263357853043,0.002080133645892,0.002446582060195,AD066-I1Fract11_S66,AD066-I1Fract11_S66_L001_R1_001_noPrimers.fastq.gz,197904,193742,188848,171204,168058,150732,Heavy,150848
I1Fract2,I1,2,AD057,1.3984,1.649219408,1,CH4_NH4Cl,CH4,yes,Labelled,FALSE,1500,190,2,130,8.08342090372646e-5,7.38285775873683e-5,8.78398404871608e-5,AD057-I1Fract2_S57,AD057-I1Fract2_S57_L001_R1_001_noPrimers.fastq.gz,181110,176744,173030,159396,142288,131998,Light,132058
I1Fract3,I1,3,AD058,1.3992,1.657763704,1,CH4_NH4Cl,CH4,yes,Labelled,FALSE,63000,600,2,430,0.003395036779565,0.003371864306308,0.003418209252822,AD058-I1Fract3_S58,AD058-I1Fract3_S58_L001_R1_001_noPrimers.fastq.gz,43520,42466,41416,37686,31368,29278,Light,29280
I1Fract4,I1,4,AD059,1.4002,1.668444074,1,CH4_NH4Cl,CH4,yes,Labelled,FALSE,170000,5800,2,4100,0.009161210357557,0.008940263519521,0.009382157195592,AD059-I1Fract4_S59,AD059-I1Fract4_S59_L001_R1_001_noPrimers.fastq.gz,169528,165404,161622,149068,115458,105676,Light,105750
I1Fract5,I1,5,AD060,1.4011,1.678056407,1,CH4_NH4Cl,CH4,yes,Labelled,FALSE,1900000,25000,2,17000,0.102389998113868,0.101473877078113,0.103306119149624,AD060-I1Fract5_S60,AD060-I1Fract5_S60_L001_R1_001_noPrimers.fastq.gz,198114,194274,188944,172636,149270,131602,Light,131684
I1Fract6,I1,6,AD061,1.4021,1.688736777,1,CH4_NH4Cl,CH4,yes,Labelled,FALSE,9100000,130000,2,91000,0.490394201492738,0.485490259477811,0.495298143507666,AD061-I1Fract6_S61,AD061-I1Fract6_S61_L001_R1_001_noPrimers.fastq.gz,271656,266992,259254,236284,224088,189902,Light,190008
I1Fract7,I1,7,AD062,1.403,1.69834911,1,CH4_NH4Cl,CH4,yes,Labelled,FALSE,4900000,29000,2,20000,0.264058416188398,0.262980626734567,0.265136205642228,AD062-I1Fract7_S62,AD062-I1Fract7_S62_L001_R1_001_noPrimers.fastq.gz,213682,209888,203350,184306,178214,151784,Light,151964
I1Fract8,I1,8,AD063,1.404,1.70902948,1,CH4_NH4Cl,CH4,yes,Labelled,FALSE,1200000,12000,2,8600,0.064667367229812,0.064203917764665,0.065130816694959,AD063-I1Fract8_S63,AD063-I1Fract8_S63_L001_R1_001_noPrimers.fastq.gz,123174,120740,117050,107132,103420,91952,Heavy,91958
I1Fract9,I1,9,AD064,1.4049,1.718641813,1,CH4_NH4Cl,CH4,yes,Labelled,FALSE,820000,7600,2,5300,0.044189367607038,0.043903753401773,0.044474981812303,AD064-I1Fract9_S64,AD064-I1Fract9_S64_L001_R1_001_noPrimers.fastq.gz,68918,67304,65546,59172,57030,51240,Heavy,51292
I2Fract10,I2,10,AD075,1.406,1.73039022,2,CH4_NH4Cl,CH4,yes,Labelled,FALSE,30000,3200,2,2300,0.003478453243153,0.003211771827845,0.003745134658462,AD075-I2Fract10_S75,AD075-I2Fract10_S75_L001_R1_001_noPrimers.fastq.gz,249738,244818,238760,220088,205290,186812,Heavy,187010
I2Fract11,I2,11,AD076,1.4072,1.743206664,2,CH4_NH4Cl,CH4,yes,Labelled,FALSE,42000,4700,2,3400,0.004869834540415,0.004475609839524,0.005264059241305,AD076-I2Fract11_S76,AD076-I2Fract11_S76_L001_R1_001_noPrimers.fastq.gz,183086,179390,175074,161380,153418,140812,Heavy,140888
I2Fract2,I2,2,AD067,1.3982,1.647083334,2,CH4_NH4Cl,CH4,yes,Labelled,FALSE,2500,0.0014,2,0.001,2.89871103596e-4,2.89870987648e-4,2.89871219545e-4,AD067-I2Fract2_S67,AD067-I2Fract2_S67_L001_R1_001_noPrimers.fastq.gz,191240,186854,182770,167942,143418,130802,Light,131020
I2Fract3,I2,3,AD068,1.3993,1.658831741,2,CH4_NH4Cl,CH4,yes,Labelled,FALSE,11000,3.9,2,2.7,0.001275432855823,0.001275119795031,0.001275745916615,AD068-I2Fract3_S68,AD068-I2Fract3_S68_L001_R1_001_noPrimers.fastq.gz,188140,183528,179680,166856,132056,122196,Light,122324
I2Fract4,I2,4,AD069,1.4002,1.668444074,2,CH4_NH4Cl,CH4,yes,Labelled,FALSE,89000,4500,2,3100,0.010319411288021,0.009959971119562,0.010678851456481,AD069-I2Fract4_S69,AD069-I2Fract4_S69_L001_R1_001_noPrimers.fastq.gz,192762,187470,183426,169250,120916,110766,Light,110908
I2Fract5,I2,5,AD070,1.4011,1.678056407,2,CH4_NH4Cl,CH4,yes,Labelled,FALSE,1800000,2700,2,1900,0.208707194589196,0.208486892550463,0.208927496627929,AD070-I2Fract5_S70,AD070-I2Fract5_S70_L001_R1_001_noPrimers.fastq.gz,194756,189864,184836,165556,134184,117694,Light,117842
I2Fract6,I2,6,AD071,1.4021,1.688736777,2,CH4_NH4Cl,CH4,yes,Labelled,FALSE,5000000,0,2,0,0.579742207192212,0.579742207192212,0.579742207192212,AD071-I2Fract6_S71,AD071-I2Fract6_S71_L001_R1_001_noPrimers.fastq.gz,190060,186536,180924,163388,147134,126132,Light,126286
I2Fract7,I2,7,AD072,1.4031,1.699417147,2,CH4_NH4Cl,CH4,yes,Labelled,FALSE,1100000,27000,2,19000,0.127543285582287,0.125340265194956,0.129746305969617,AD072-I2Fract7_S72,AD072-I2Fract7_S72_L001_R1_001_noPrimers.fastq.gz,175274,171944,166388,149698,140160,118694,Light,118824
I2Fract8,I2,8,AD073,1.404,1.70902948,2,CH4_NH4Cl,CH4,yes,Labelled,FALSE,550000,5900,2,4100,0.063771642791143,0.063296254181246,0.064247031401041,AD073-I2Fract8_S73,AD073-I2Fract8_S73_L001_R1_001_noPrimers.fastq.gz,195606,192528,187618,172572,161746,140608,Heavy,140778
I2Fract9,I2,9,AD074,1.405,1.71970985,2,CH4_NH4Cl,CH4,yes,Labelled,FALSE,23,4.3,2,3,2.66681415308418e-6,2.31896882876885e-6,3.0146594773995e-6,AD074-I2Fract9_S74,AD074-I2Fract9_S74_L001_R1_001_noPrimers.fastq.gz,202076,197996,193650,177262,165108,150456,Heavy,150600
I3Fract10,I3,10,AD085,1.406,1.73039022,3,CH4_NH4Cl,CH4,yes,Labelled,FALSE,28000,370,2,260,0.009738486847826,0.009648058041382,0.00982891565427,AD084-I3Fract9_S84,AD084-I3Fract9_S84_L001_R1_001_noPrimers.fastq.gz,164196,161112,155940,140836,136722,120160,Heavy,120358
I3Fract11,I3,11,AD086,1.407,1.74107059,3,CH4_NH4Cl,CH4,yes,Labelled,FALSE,150,9.6,2,6.8,5.21704652562092e-5,4.98054041645943e-5,5.4535526347824e-5,AD085-I3Fract10_S85,AD085-I3Fract10_S85_L001_R1_001_noPrimers.fastq.gz,238004,233282,226160,206146,201832,177658,Heavy,177890
I3Fract3,I3,3,AD078,1.3992,1.657763704,3,CH4_NH4Cl,CH4,yes,Labelled,FALSE,40,6.7,2,4.7,1.39121240683224e-5,1.22774494902946e-5,1.55467986463503e-5,AD077-I3Fract2_S77,AD077-I3Fract2_S77_L001_R1_001_noPrimers.fastq.gz,28,24,24,12,12,12,Light,12
I3Fract4,I3,4,AD079,1.4001,1.667376037,3,CH4_NH4Cl,CH4,yes,Labelled,FALSE,32000,470,2,330,0.011129699254658,0.011014924231094,0.011244474278222,AD078-I3Fract3_S78,AD078-I3Fract3_S78_L001_R1_001_noPrimers.fastq.gz,134906,130930,128340,111500,96198,88528,Light,88382
I3Fract5,I3,5,AD080,1.401,1.67698837,3,CH4_NH4Cl,CH4,yes,Labelled,FALSE,160000,4800,2,3400,0.05564849627329,0.054465965727482,0.056831026819097,AD079-I3Fract4_S79,AD079-I3Fract4_S79_L001_R1_001_noPrimers.fastq.gz,157934,154162,150176,136806,111498,101394,Light,101492
I3Fract6,I3,6,AD081,1.402,1.68766874,3,CH4_NH4Cl,CH4,yes,Labelled,FALSE,1800000,110000,2,78000,0.62604558307451,0.598916941141281,0.653174225007739,AD080-I3Fract5_S80,AD080-I3Fract5_S80_L001_R1_001_noPrimers.fastq.gz,222268,217502,210888,189734,166026,146070,Light,146154
I3Fract7,I3,7,AD082,1.403,1.69834911,3,CH4_NH4Cl,CH4,yes,Labelled,FALSE,660000,5900,2,4100,0.22955004712732,0.228124054410317,0.230976039844323,AD081-I3Fract6_S81,AD081-I3Fract6_S81_L001_R1_001_noPrimers.fastq.gz,181088,177766,171144,150758,141204,116998,Light,117198
I3Fract8,I3,8,AD083,1.4039,1.707961443,3,CH4_NH4Cl,CH4,yes,Labelled,FALSE,160000,440,2,310,0.05564849627329,0.05554067731176,0.055756315234819,AD082-I3Fract7_S82,AD082-I3Fract7_S82_L001_R1_001_noPrimers.fastq.gz,80658,79208,76788,69618,67128,57920,Heavy,57948
I3Fract9,I3,9,AD084,1.4049,1.718641813,3,CH4_NH4Cl,CH4,yes,Labelled,FALSE,35000,170,2,120,0.012173108559782,0.012131372187577,0.012214844931987,AD083-I3Fract8_S83,AD083-I3Fract8_S83_L001_R1_001_noPrimers.fastq.gz,195636,192074,185452,166964,162020,139876,Heavy,140064
I4Fract10,I4,10,AD095,1.4062,1.732526294,4,CH4_NH4Cl,CH4,yes,Labelled,FALSE,46000,22,2,16,0.003042730399151,0.003041672058142,0.003043788740159,AD094-I4Fract9_S94,AD094-I4Fract9_S94_L001_R1_001_noPrimers.fastq.gz,165174,161422,157296,142010,140268,125862,Heavy,126166
I4Fract11,I4,11,AD096,1.4073,1.744274701,4,CH4_NH4Cl,CH4,yes,Labelled,FALSE,0.6,0.044,2,0.031,3.96877878150104e-8,3.76372521112349e-8,4.17383235187859e-8,AD095-I4Fract10_S95,AD095-I4Fract10_S95_L001_R1_001_noPrimers.fastq.gz,199992,195276,190050,169080,166576,149240,Heavy,149240
I4Fract2,I4,2,AD087,1.3984,1.649219408,4,CH4_NH4Cl,CH4,yes,Labelled,FALSE,8000,5.8,2,4.1,5.291705042e-4,5.28899304317e-4,5.29441704084e-4,AD086-I3Fract11_S86,AD086-I3Fract11_S86_L001_R1_001_noPrimers.fastq.gz,235286,230262,223622,202090,199274,179198,Light,179428
I4Fract3,I4,3,AD088,1.3995,1.660967815,4,CH4_NH4Cl,CH4,yes,Labelled,FALSE,64000,0.3,2,0.21,0.004233364033601,0.004233350142875,0.004233377924327,AD087-I4Fract2_S87,AD087-I4Fract2_S87_L001_R1_001_noPrimers.fastq.gz,200102,196008,191080,174194,167912,151316,Light,151490
I4Fract4,I4,4,AD089,1.4004,1.670580148,4,CH4_NH4Cl,CH4,yes,Labelled,FALSE,110000,1600,2,1100,0.007276094432752,0.007203333488424,0.007348855377079,AD088-I4Fract3_S88,AD088-I4Fract3_S88_L001_R1_001_noPrimers.fastq.gz,188886,182116,177082,154426,148928,133816,Light,133360
I4Fract5,I4,5,AD090,1.4013,1.680192481,4,CH4_NH4Cl,CH4,yes,Labelled,FALSE,1600000,28000,2,20000,0.105834100840028,0.104511174579527,0.107157027100528,AD089-I4Fract4_S89,AD089-I4Fract4_S89_L001_R1_001_noPrimers.fastq.gz,227564,223324,217584,200822,187180,167578,Light,167804
I4Fract6,I4,6,AD091,1.4023,1.690872851,4,CH4_NH4Cl,CH4,yes,Labelled,FALSE,9400000,18000,2,12000,0.621775342435163,0.620981586678863,0.622569098191463,AD090-I4Fract5_S90,AD090-I4Fract5_S90_L001_R1_001_noPrimers.fastq.gz,186398,183166,177464,161586,156000,135484,Light,135476
I4Fract7,I4,7,AD092,1.4032,1.700485184,4,CH4_NH4Cl,CH4,yes,Labelled,FALSE,3300000,20000,2,14000,0.218282832982557,0.217356784600207,0.219208881364907,AD091-I4Fract6_S91,AD091-I4Fract6_S91_L001_R1_001_noPrimers.fastq.gz,178962,175260,168690,153946,151716,130588,Heavy,130752
I4Fract8,I4,8,AD093,1.4041,1.710097517,4,CH4_NH4Cl,CH4,yes,Labelled,FALSE,460000,7700,2,5400,0.030427303991508,0.030070113901173,0.030784494081843,AD092-I4Fract7_S92,AD092-I4Fract7_S92_L001_R1_001_noPrimers.fastq.gz,170036,166902,161342,147064,145440,126258,Heavy,126398
I4Fract9,I4,9,AD094,1.4052,1.721845924,4,CH4_NH4Cl,CH4,yes,Labelled,FALSE,130000,790,2,560,0.008599020693252,0.008561978757958,0.008636062628546,AD093-I4Fract8_S93,AD093-I4Fract8_S93_L001_R1_001_noPrimers.fastq.gz,99652,97742,94972,87474,86540,75426,Heavy,75448
J1Fract10,J1,10,AD105,1.406,1.73039022,1,CH4_NH4Cl,CH4,yes,Unlabelled,FALSE,35000,490,2,350,0.001359339438709,0.001345746044322,0.001372932833096,AD105-J1Fract10_S105,AD105-J1Fract10_S105_L001_R1_001_noPrimers.fastq.gz,131020,127931,125901,113225,111244,98094,Heavy,98368
J1Fract11,J1,11,AD106,1.4069,1.740002553,1,CH4_NH4Cl,CH4,yes,Unlabelled,FALSE,14000,480,2,340,5.43735775484e-4,5.30530763793e-4,5.56940787174e-4,AD106-J1Fract11_S106,AD106-J1Fract11_S106_L001_R1_001_noPrimers.fastq.gz,122432,115469,113980,97780,96904,84539,Heavy,84393
J1Fract2,J1,2,AD097,1.3973,1.637471001,1,CH4_NH4Cl,CH4,yes,Unlabelled,FALSE,7800,0.48,2,0.34,3.02938503484e-4,3.02925298472e-4,3.02951708495e-4,AD096-I4Fract11_S96,AD096-I4Fract11_S96_L001_R1_001_noPrimers.fastq.gz,160058,156342,151608,135912,133680,119394,Light,119534
J1Fract3,J1,3,AD098,1.3994,1.659899778,1,CH4_NH4Cl,CH4,yes,Unlabelled,FALSE,63000,58,2,41,0.002446810989677,0.00244521862062,0.002448403358734,AD097-J1Fract2_S97,AD097-J1Fract2_S97_L001_R1_001_noPrimers.fastq.gz,219684,212834,207956,184032,176584,160038,Light,159956
J1Fract4,J1,4,AD099,1.4004,1.670580148,1,CH4_NH4Cl,CH4,yes,Unlabelled,FALSE,100000,170,2,120,0.003883826967741,0.00387916637538,0.003888487560102,AD099-J1Fract4_S99,AD099-J1Fract4_S99_L001_R1_001_noPrimers.fastq.gz,73392,71888,70731,66301,63687,57590,Light,57666
J1Fract5,J1,5,AD100,1.4012,1.679124444,1,CH4_NH4Cl,CH4,yes,Unlabelled,FALSE,2600000,4700,2,3300,0.100979501161264,0.100851334871329,0.1011076674512,AD100-J1Fract5_S100,AD100-J1Fract5_S100_L001_R1_001_noPrimers.fastq.gz,93274,91257,90183,80936,76919,66392,Light,66375
J1Fract6,J1,6,AD101,1.4023,1.690872851,1,CH4_NH4Cl,CH4,yes,Unlabelled,FALSE,17000000,190000,2,130000,0.660250584515959,0.655201609457895,0.665299559574022,AD101-J1Fract6_S101,AD101-J1Fract6_S101_L001_R1_001_noPrimers.fastq.gz,82915,80660,79516,69381,68635,60241,Light,60249
J1Fract7,J1,7,AD102,1.4032,1.700485184,1,CH4_NH4Cl,CH4,yes,Unlabelled,FALSE,4900000,42000,2,30000,0.19030752141930601,0.189142373328983,0.191472669509628,AD102-J1Fract7_S102,AD102-J1Fract7_S102_L001_R1_001_noPrimers.fastq.gz,83946,82132,80833,74397,73650,65522,Heavy,65594
J1Fract8,J1,8,AD103,1.404,1.70902948,1,CH4_NH4Cl,CH4,yes,Unlabelled,FALSE,1000000,2200,2,1600,0.038838269677409,0.038776128445926,0.038900410908893,AD103-J1Fract8_S103,AD103-J1Fract8_S103_L001_R1_001_noPrimers.fastq.gz,102355,100486,98251,89801,88701,75178,Heavy,75299
J1Fract9,J1,9,AD104,1.4051,1.720777887,1,CH4_NH4Cl,CH4,yes,Unlabelled,FALSE,28000,1800,2,1300,0.001087471550967,0.001036981800387,0.001137961301548,AD104-J1Fract9_S104,AD104-J1Fract9_S104_L001_R1_001_noPrimers.fastq.gz,87987,85595,84314,76689,75324,65435,Heavy,65506
